{
  "approach_comparison": {
    "hybrid_rrf": {
      "mrr": 0.5066666666666667,
      "p@5": 0.192,
      "r@5": 0.192
    },
    "fulltext_only": {
      "mrr": 0.6999999999999998,
      "p@5": 0.3360000000000001,
      "r@5": 0.3360000000000001
    },
    "vector_only": {
      "mrr": 0.19333333333333333,
      "p@5": 0.08800000000000001,
      "r@5": 0.08800000000000001
    }
  },
  "k_parameter_analysis": {
    "10": {
      "mrr": 0.574,
      "p@5": 0.20800000000000007
    },
    "30": {
      "mrr": 0.516,
      "p@5": 0.18400000000000002
    },
    "60": {
      "mrr": 0.4333333333333333,
      "p@5": 0.128
    },
    "100": {
      "mrr": 0.4333333333333333,
      "p@5": 0.128
    },
    "200": {
      "mrr": 0.4333333333333333,
      "p@5": 0.128
    }
  }
}